public,clean_all_clicks_and_converisons_out
w4_application_functions,check_campaign_eligible
w4_application_functions,geo_named_heatmap
w4_application_functions,rollup_clicks_totals
w4_application_functions,rollup_conversions_totals
w4api,click_rollup
w4api,click_rollup_batch_get
w4api,click_rollup_entity
w4api,click_rollup_entity_hourly
w4api,click_rollup_entity_monthly
w4api,click_rollup_entity_yearly
w4api,click_rollup_geo
w4api,click_rollup_geo_hourly
w4api,click_rollup_geo_redo
w4api,click_rollup_redo
w4api,click_rollup_reindex
w4api,click_rollup_subid
w4api,click_rollup_subid_hourly
w4api,click_rollup_wide
w4api,click_rollup_wide_hourly
w4api,conversion_advertiser_cap_get
w4api,conversion_rollup
w4api,conversion_rollup_batch_create
w4api,conversion_rollup_entity
w4api,conversion_rollup_entity_hourly
w4api,conversion_rollup_entity_monthly
w4api,conversion_rollup_entity_yearly
w4api,conversion_rollup_geo
w4api,conversion_rollup_geo_hourly
w4api,conversion_rollup_redo
w4api,conversion_rollup_subid
w4api,conversion_rollup_subid_hourly
