reporting,reports_clicks_rollup_hourly
reporting,reports_conversions_rollup_hourly
reporting,reports_conversions_rollup_daily
reporting,reports_clicks_geo_rollup_hourly
reporting,reports_conversions_geo_rollup_hourly
reporting,reports_clicks_wide_rollup_hourly
reporting,reports_conversions_wide_rollup_hourly
reporting,reports_clicks_subid_rollup_hourly
reporting,reports_conversions_subid_rollup_hourly
reporting,reports_clicks_geo_country_rollup_hourly
reporting,reports_clicks_geo_region_rollup_hourly
reporting,reports_clicks_geo_rollup_daily
reporting,reports_clicks_rollup_daily
reporting,reports_clicks_rollup_monthly
reporting,reports_clicks_rollup_yearly
reporting,reports_clicks_subid_rollup_daily
reporting,reports_clicks_subid_rollup_daily_temp
reporting,reports_clicks_subid_rollup_hourly_temp
reporting,reports_clicks_ua_rollup_hourly
reporting,reports_clicks_wide_rollup_daily
reporting,reports_clicks_wide_rollup_daily_temp
reporting,reports_clicks_wide_rollup_hourly_temp
reporting,reports_conversions_geo_rollup_daily
reporting,reports_conversions_rollup_monthly
reporting,reports_conversions_rollup_yearly
reporting,reports_conversions_subid_rollup_daily
reporting,reports_conversions_wide_rollup_daily
